insert into Students (id, username, password, firstname, lastname, email, class, birthdate , ssn, address, phoneNumber) values (1, 'ralekhov0', 'dsyKm1ya', 'Rae', 'Alekhov', 'ralekhov0@qq.com', 'Bubblebox', '12/8/2021', '1561938418', '302 Elka Lane', '62713814');
insert into Students (id, username, password, firstname, lastname, email, class, birthdate , ssn, address, phoneNumber) values (3, 'sgainsboro2', 'WlMo7RkN', 'Stanislaus', 'Gainsboro', 'sgainsboro2@hhs.gov', 'Bubblebox', '4/11/2022', '3121732956', '63 Badeau Hill', '33012821');
insert into Students (id, username, password, firstname, lastname, email, class, birthdate , ssn, address, phoneNumber) values (4, 'schaman3', 'Wn4QlbFhUGyE', 'Steward', 'Chaman', 'schaman3@webnode.com', 'Yata', '12/21/2021', '3191386887', '152 Utah Pass', '45416124');
insert into Students (id, username, password, firstname, lastname, email, class, birthdate , ssn, address, phoneNumber) values (5, 'ihardi4', 'AzlL41l', 'Ive', 'Hardi', 'ihardi4@merriam-webster.com', 'Yata', '6/10/2022', '2311651519', '4145 Pierstorff Point', '90915745');
insert into Students (id, username, password, firstname, lastname, email, class, birthdate , ssn, address, phoneNumber) values (6, 'phachette5', 'QtR8Bt', 'Pace', 'Hachette', 'phachette5@t.co', 'Bubblebox', '1/22/2022', '5931156034', '5 Dovetail Plaza', '11416846');
insert into Students (id, username, password, firstname, lastname, email, class, birthdate , ssn, address, phoneNumber) values (8, 'twrenn7', '97Pjla9', 'Travis', 'Wrenn', 'twrenn7@jugem.jp', 'Yata', '8/22/2021', '6641884257', '979 Lighthouse Bay Crossing', '75815367');
insert into Students (id, username, password, firstname, lastname, email, class, birthdate , ssn, address, phoneNumber) values (9, 'sboniface8', 'CGWZkAA5i', 'Sacha', 'Boniface', 'sboniface8@imgur.com', 'Bubblebox', '12/21/2021', '5791898826', '3473 Doe Crossing Avenue', '44811106');
insert into Students (id, username, password, firstname, lastname, email, class, birthdate , ssn, address, phoneNumber) values (10, 'gings9', 'sTmogg5dr8R', 'Grove', 'Ings', 'gings9@sfgate.com', 'Flashdog', '9/26/2021', '7582931759', '876 Blaine Hill', '83714218');

insert into Homeworks (id, title, description, file_path, class, topic, created_at, deadline ) values (1, 'id', 'blandit ultrices enim lorem ipsum dolor sit', 'Praesent.mp3', 'Tampflex', 'M', '9/19/2021', '1/13/2022');
insert into Homeworks (id, title, description, file_path, class, topic, created_at, deadline ) values (2, 'odio', 'aliquet ultrices erat tortor sollicitudin mi sit amet lobortis sapien', 'Viverra.jpeg', 'Redhold', 'C', '12/28/2021', '2/3/2022');
insert into Homeworks (id, title, description, file_path, class, topic, created_at, deadline ) values (3, 'a', 'convallis eget eleifend luctus ultricies eu', 'Sapien.tiff', 'Latlux', 'M', '1/2/2022', '9/23/2021');
insert into Homeworks (id, title, description, file_path, class, topic, created_at, deadline ) values (4, 'a', 'vestibulum ac est lacinia nisi venenatis tristique fusce congue diam id', 'PenatibusEt.gif', 'Job', 'M', '6/18/2021', '8/30/2021');
insert into Homeworks (id, title, description, file_path, class, topic, created_at, deadline ) values (5, 'nisl', 'parturient montes nascetur ridiculus mus etiam vel augue vestibulum rutrum rutrum neque aenean', 'SemperEstQuam.doc', 'Gembucket', 'C', '8/7/2021', '7/6/2021');

insert into Assignments (id, description, file_path, homework, student, created_at, courseTopic) values (1, 'nunc', 'QuamPedeLobortis.jpeg', 1, 1, '9/26/2021', 'Irma Vep');
insert into Assignments (id, description, file_path, homework, student, created_at, courseTopic) values (2, 'eu interdum eu tincidunt in leo', 'Enim.mov', 2, 1, '4/1/2022', 'Lesson of the Evi');
insert into Assignments (id, description, file_path, homework, student, created_at, courseTopic) values (3, 'nunc commodo placerat praesent blandit nam', 'SedAccumsan.jpeg', 3, 1, '1/29/2022', 'Adventures of Pica');
insert into Assignments (id, description, file_path, homework, student, created_at, courseTopic) values (4, 'faucibus', 'Dictumst.ppt', 1, 2, '6/21/2021', 'They Were Expendable');
insert into Assignments (id, description, file_path, homework, student, created_at, courseTopic) values (5, 'volutpat in congue etiam justo etiam pretium', 'QuisqueUtErat.xls', 2, 2, '5/29/2022', 'Platoon');
insert into Assignments (id, description, file_path, homework, student, created_at, courseTopic) values (6, 'est phasellus sit amet erat nulla tempus', 'Enim.mp3', 3, 2, '3/10/2022', 'Three Stooges, The');
insert into Assignments (id, description, file_path, homework, student, created_at, courseTopic) values (7, 'duis aliquam convallis nunc proin at turpis a pede posuere nonummy integer non', 'Sit.avi', 1, 2, '1/16/2022', 'Zero');
insert into Assignments (id, description, file_path, homework, student, created_at, courseTopic) values (8, 'fusce congue diam id ornare imperdiet sapien', 'GravidaSem.xls', 2, 3, '5/17/2022', '28 Up');
insert into Assignments (id, description, file_path, homework, student, created_at, courseTopic) values (9, 'hac habitasse platea dictumst aliquam augue quam sollicitudin vitae', 'AliquamSit.gif', 3, 3, '1/5/2022', 'Seven (a.k.a. Se7en)');
insert into Assignments (id, description, file_path, homework, student, created_at, courseTopic) values (10, 'ipsum praesent blandit lacinia erat vestibulum', 'NibhFusce.doc', 3, 3, '2/16/2022', 'Bonnie Scotla');

insert into Grades (homework, assignment, grade) values (1,1,30); 
insert into Grades (homework, assignment, grade) values (3,3,50); 
insert into Grades (homework, assignment, grade) values (3,9, 99); 
insert into Grades (homework, assignment, grade) values (3,10,99); 

insert into Classes (title, teacher, situation, topic, grade , started_at, end_at) values ('vel', 'Gilding','A', 'Anna Christie', '1st', '12/14/2021', '4/21/2022');
insert into Classes (title, teacher, situation, topic, grade , started_at, end_at) values ('suspendisse', 'Basham','A', 'Dry White Season, A', '1st', '7/24/2021', '1/4/2022');
insert into Classes (title, teacher, situation, topic, grade , started_at, end_at) values ('ut', 'Wolfart','NA', 'I''m No Angel', '1st', '8/2/2021', '9/24/2021');
insert into Classes (title, teacher, situation, topic, grade , started_at, end_at) values ('id', 'Peppard','NA', 'La Bande ', '2nd', '6/20/2021', '7/21/2021');
insert into Classes (title, teacher, situation, topic, grade , started_at, end_at) values ('et', 'Kenchington','A', '11 Flowers (Wo 11)', '2nd', '9/16/2021', '3/13/2022');
insert into Classes (title, teacher, situation, topic, grade , started_at, end_at) values ('porttitor', 'Oglesbee','A', 'Long Kiss Goodni', '3rd', '1/11/2022', '5/12/2022');

